,Hfree,OmegaARin,RFin,alk,alk0,alk_dic,aou,boxy,csal,dic,doc,fH,fHout,nit,osat,pCO2in,pHin,pHout,ph,phos,po,salk,sdic,sigma,sil,spice,temp,theta
surf_err,1.5729897497950416e-06,0.0007684778669691892,0.0009774545000255947,0.1161775006247331,0.09073520054640724,0.06063224936700098,,,0.0015355049205387267,0.10500397070665281,,,2.2521603455356215e-06,,0.014521829317295605,0.08445582841254427,9.134730200329416e-05,0.00010767327841344865,9.699202665284257e-05,,,0.04134476737380806,0.048023759452438794,0.002162951723890973,0.0029423468646964,0.0013600394434017111,,
nptw_err,2.7695862662557032e-06,0.001117112079139789,0.001760335985673938,0.07819613122209298,0.04377255668258198,0.11014972200924505,,,0.0007366472857192392,0.0662731915055426,,7.74872822805842e-06,1.0855017888792464e-06,,0.015391638306320269,0.14565636754293174,0.0001526466328108106,0.00016625877781086755,0.00015849492585399573,0.00042502575129517987,0.05569184339865783,,0.08428256760474236,,,0.0011128975240047956,0.0022539387251016363,0.002245507941131599
ssm_err,6.52437072815611e-06,0.000988300368915583,0.0033885006174749406,0.060247019931086165,0.028871154635253377,0.10926260133933033,0.08737678419177593,0.08108272437769044,0.00053223840016789,0.08967638727807688,0.08267434500499499,1.2249809070326364e-05,7.699895110117021e-07,0.009751623932692273,,0.27576898905658487,0.00021367145886702198,0.00022766957774424514,0.0002599923654402949,0.0008331185044168982,0.09244742717089233,0.04996866956353005,0.11065336335956603,,0.009994309649363991,0.0011549883992162597,0.003530804860230814,0.003526673287073395
npiw_err,1.2455582896325434e-05,0.00046517025566315926,0.0024420674838979343,0.04981891361913861,0.01701711210569493,0.07694893370713977,0.08295817478505264,0.08685882251393377,0.0003096518458904351,0.07016252810833724,0.07411330694077463,,4.4207543460444706e-07,0.006804584690737896,0.01436322797728695,0.5178839738363806,0.0002530613575899504,0.00022043798789712145,0.0002234601041126868,0.0007306643388032755,,0.044307551722073,0.05978698226765624,,,,,
aaiw_err,1.662828023977892e-05,0.00033000713317000687,,,,0.07588915127376625,,,,0.04877546709209394,0.06484963738799529,,,0.004234427622974523,,0.6147655073113384,0.00023596198908561446,0.00021423115807881458,,0.0003097495645039131,0.047308716490742565,0.05171453247810577,0.05787006014040543,9.081170799963435e-05,,,,
