,Hfree,OmegaARin,RFin,alk,alk0,alk_dic,aou,boxy,csal,dic,fH,fHout,nit,osat,pCO2in,pHin,pHout,pc,ph,phos,sdic,sigma,spice,temp,theta
surf_slope,,-0.022123401072090893,0.02244161124094371,-6.003716727745483,-5.264093276504095,-1.7719952044339138,,,-0.08896459822268726,-4.1531240373697935,-0.0005823675488448578,-0.0001300646430173176,,,2.30062887311465,-0.00286480744596694,,-0.06484603416717945,,,0.8682791932825693,-0.10574296414930977,,0.12074449002606515,0.12075642098702188
nptw_slope,0.00016476973811125367,-0.057388647117153815,0.10753434939082972,-4.13712363183255,-2.555857212979104,-5.083681888853628,2.393164681226695,-1.9976373690423452,-0.05785616791895755,,0.00046018121640477273,-8.510618509209342e-05,0.13447880868759088,0.40541925143355856,6.815117790481904,-0.006432628590827227,-0.008718046161146333,,-0.008782511680345184,0.014822775880121085,4.521425448248231,,-0.08422373551076952,-0.14699869647456995,-0.14692132361924784
ssm_slope,0.0001793070889692023,-0.022987068325484417,0.09472270168446403,,,-2.6490556723862704,,,,3.099077762455529,,,,,8.668743470190945,-0.0067264310630562076,-0.0063025106560194106,,-0.005777343483397844,0.02092170669478517,2.8606578664669904,,,,
npiw_slope,,,,,,,,,,1.3961781585811732,,,,,,,,,,,,,,,
aaiw_slope,,,,,,,-1.159230981474269,,,,,,,,,,,,,-0.009673239745905947,,,,,
