,Hfree,OmegaARin,RFin,alk,alk0,alk_dic,aou,boxy,csal,dic,doc,fH,fHout,nit,osat,pCO2in,pHin,pHout,pc,ph,phos,po,press,salk,sdic,sigma,sil,spice,temp,theta
surf_slope,2.4438184969342295e-05,-0.009613057888190321,0.015199146908003051,,,-0.93985095350771,,-0.0858191777366736,,1.0437420320321542,,-0.00010467431094035554,,,-0.09394376591134464,2.0099431579730695,-0.001949633231724594,-0.0016417461200072395,,-0.0013966916731220124,,,,0.1612170626223541,1.0673568773755993,-0.008239899151121728,,0.008441451314952837,0.027312683908315635,0.02730788083597034
nptw_slope,4.510802750426707e-05,-0.01504004843754308,0.02810646413749724,,-0.10712780006087005,-1.4419587659894046,0.1306399493776181,-0.18075498800483256,,1.3738030016173355,,,,0.013061768510398477,,2.671391783682096,-0.0025688012568355063,-0.0025893815881671144,,-0.0022245911910294823,,,0.42000356344602857,,1.44907531440214,,0.011392798313328694,,,
ssm_slope,7.277126689658187e-05,-0.012539881527250316,0.04263481708541723,-0.233580069806766,-0.3235144991109178,-1.3659743638988302,0.36254105951812626,-0.2758645987853754,-0.005896165885270764,1.1223095748100236,-0.5191045439180746,8.354631638881803e-05,-8.517953539851955e-06,0.06008634682625649,0.08592814809451935,2.8707909832207763,-0.0025353528726466865,-0.0028425246729128608,0.003425138633626391,-0.002872019102636894,0.004202995788747785,0.6106683359750851,,0.12850544399840336,1.4712580909173587,0.0010027392720292584,0.062476254249628445,-0.0100774416710819,-0.025910931163750185,-0.025865406919706214
npiw_slope,0.00012234598928593973,-0.004118060578290842,0.022812754340505063,0.20320767016303823,0.04797191637195192,-0.7129188234270274,0.4115593385793257,-0.45746294036417284,0.0006760113552711266,0.871931676242813,-0.24837926028142887,,9.649753633227047e-07,0.06025897824133511,-0.04014494877831604,5.031519909547473,-0.00235440066443575,-0.0021320254386048565,,-0.0025248170554961493,0.005223646204769433,0.17764788283621688,-0.762704665567129,0.17006463357580615,0.848237181503859,0.00011003324005751004,0.10951697668709534,,,
aaiw_slope,-5.713388110947703e-05,0.0011681806459933365,,,,0.21507062549909378,-0.15164211566918898,0.1064139626066954,,-0.14823984509628577,-0.31817967073945336,,,-0.011439957337769558,,-2.1083422967017382,0.0008248889583933032,0.0007240949375104817,,,-0.0010069060311554351,,-0.5138094534932428,0.09735750253777851,-0.14551990416560687,-0.00020168816391191323,,,,
